ABC,Water,Gluten%,SV ml,Moisture,Slot
3.3,17,10.77,26,12.52,1
3.3,17,10.77,26,12.52,1
3.3,17,10.77,26,12.52,1
3.3,17,10.77,26,12.52,1
3.3,17,10.77,26,12.52,1
5.1,17,10.77,26,12.52,1
5.1,17,10.77,26,12.52,1
5.1,17,10.77,26,12.52,1
5.1,17,10.77,26,12.52,1
5,17,10.77,26,12.52,1
5,17,10.77,26,12.52,1
5,17,10.77,26,12.52,1
4.8,17,10.77,26,12.52,1
4.8,17,10.77,26,12.52,0
4.8,17,10.77,26,12.52,0
4.8,17,10.77,26,12.52,0
4.5,17,10.77,26,12.52,0
4.5,17,10.77,26,12.52,0
4.5,17,10.77,26,12.52,0
4.5,17,10.77,26,12.52,0
4.5,17,10.77,26,12.52,0
4.5,17,10.77,26,12.52,0
4.6,17,10.77,26,12.52,0
4.6,17,10.77,26,12.52,0
4.6,17,10.77,26,12.52,0
4.8,16,10.77,26,12.52,0
4.8,16,10.77,26,12.52,0
4.8,15,10.77,26,12.52,0
4.8,15,10.77,26,12.52,0
4.8,15,10.77,26,12.52,2
4.8,15,10.77,26,12.52,2
4.8,15,10.77,26,12.52,2
4.8,15,10.77,26,12.52,2
4.8,15,10.77,26,12.52,2
4.8,15,10.77,26,12.52,2
4.8,15,10.77,26,12.52,2
4.8,15,10.77,26,12.52,2
4.8,15,10.77,26,12.52,2
4.8,15,10.77,26,12.52,2
4.8,15,10.77,26,12.52,2
4.8,15,10.77,26,12.52,2
4.8,15,10.77,26,12.52,2
4.8,15,10.77,26,12.52,2
4.8,15,10.77,26,12.52,2
4.8,15,10.77,26,12.52,2
4.8,16,10.77,26,12.52,2
4.8,16,10.77,26,12.52,2
4.8,16,10.77,26,12.52,2
4.8,16,10.77,26,12.52,2
4.8,16,10.77,26,12.52,2
5,16,11.24,26,12.17,1
5,16,11.24,26,12.17,1
5,16,11.24,26,12.17,1
5,16,11.24,26,12.17,1
5,16,11.24,26,12.17,1
5,16,11.24,26,12.17,1
5,16,11.24,26,12.17,1
5,16,11.24,26,12.17,1
5,16,11.24,26,12.17,1
5,16,11.24,26,12.17,1
5,16,11.24,26,12.17,1
5,16,11.24,26,12.17,0
5,16,11.24,26,12.17,0
5,16,11.24,26,12.17,0
5,16,11.24,26,12.17,0
5,16,11.24,26,12.17,0
5,16,11.24,26,12.17,0
5,16,11.24,26,12.17,0
5,16,11.24,26,12.17,0
5,16,11.24,26,12.17,0
5,16,11.24,26,12.17,0
4.5,15,11.24,26,12.17,2
4,15,11.24,26,12.17,2
4,15,11.24,26,12.17,2
4.5,15,11.24,26,12.17,2
4.5,15,11.24,26,12.17,2
4.5,15,11.24,26,12.17,2
5,15,11.24,26,12.17,2
5,15,11.24,26,12.17,2
5.5,15,11.24,26,12.17,2
5.5,15,11.24,26,12.17,2
5.5,15,11.24,26,12.17,2
5,15,11.24,26,12.17,2
5,15,11.24,26,12.17,2
5,15,11.24,26,12.17,2
5,15,11.24,26,12.17,2
5,15,11.24,26,12.17,2
5,15,11.24,26,12.17,2
5,15,11.24,26,12.17,2
5,15,11.24,26,12.17,2
5.2,16,11.24,26,12.17,1
5.2,16,11.24,26,12.17,1
5.2,16,11.24,26,12.17,1
5.2,16,11.24,26,12.17,1
5.2,16,11.24,26,12.17,1
5.2,16,11.24,26,12.17,1
5.4,16,11.24,26,12.17,1
5.4,16,11.24,26,12.17,1
5.4,16,11.24,26,12.17,1
5.4,16,11.24,26,12.17,1
5.4,16,11.24,26,12.17,0
5.4,16,11.24,26,12.17,0
5.4,16,11.24,26,12.17,0
5.4,16,11.24,26,12.17,0
5.4,16,11.24,26,12.17,0
5.4,16,11.24,26,12.17,0
5.4,16,11.24,26,12.17,0
5.5,16,11.24,26,12.17,2
5.5,16,11.24,26,12.17,2
5.5,16,11.24,26,12.17,2
5.5,16,11.24,26,12.17,2
5.5,16,11.24,26,12.17,2
5.4,16,11.24,26,12.17,2
5.4,16,11.24,26,12.17,2
5.4,16,11.24,26,12.17,2
5.4,16,11.24,26,12.17,2
5.4,16,11.24,26,12.17,2
5.4,16,11.24,26,12.17,2
5.4,16,11.24,26,12.17,2
5.4,16,11.24,26,12.17,2
5.4,16,11.24,26,12.17,2
5.4,16,11.24,26,12.17,2
5.4,16,11.24,26,12.17,2
5.4,16,11.24,26,12.17,2
5.4,16,11.24,26,12.17,2
5.4,16,11.24,26,12.17,2
5.4,16,11.24,26,12.17,2
5.4,16,11.24,26,12.17,2
5.4,16,11.24,26,12.17,2
5.4,16,11.24,26,12.17,2
5.4,16,11.24,26,12.17,2
5.4,16,10.97,24,13.29,1
5.4,16,10.97,24,13.29,1
5.4,16,10.97,24,13.29,1
5.4,16,10.97,24,13.29,1
5.2,15,10.97,24,13.29,1
5.2,15,10.97,24,13.29,1
5.2,15,10.97,24,13.29,1
5.2,15,10.97,24,13.29,1
5.2,15,10.97,24,13.29,1
5.2,15,10.97,24,13.29,1
5.2,15,10.97,24,13.29,1
5.4,15,10.97,24,13.29,1
5.4,15,10.97,24,13.29,0
5.4,15,10.97,24,13.29,0
5.4,15,10.97,24,13.29,0
5.4,15,10.97,24,13.29,0
5.4,15,10.97,24,13.29,0
5.4,15,10.97,24,13.29,2
5.4,15,10.97,24,13.29,2
5.4,15,10.97,24,13.29,2
5.4,15,10.97,24,13.29,2
5.4,15,10.97,24,13.29,2
5.4,15,10.97,24,13.29,2
5.4,15,10.97,24,13.29,2
5.4,15,10.97,24,13.29,2
5.4,15,10.97,24,13.29,2
5.4,15,10.97,24,13.29,2
5.4,15,10.97,24,13.29,2
5.4,15,10.97,24,13.29,2
5.4,15,10.97,24,13.29,2
5.4,15,10.97,24,13.29,2
5.4,15,10.97,24,13.29,2
5.4,15,10.97,24,13.29,2
5.4,15,10.97,24,13.29,2
5.4,15,10.97,24,13.29,2
5.4,15,10.97,24,13.29,2
5.4,15,10.97,24,13.29,2
5.4,15,10.97,24,13.29,2
5.4,15,10.97,24,13.29,2
5.4,15,10.97,24,13.29,2
5.4,15,10.97,24,13.29,2
5.4,15,10.97,24,13.29,2
5.4,15,10.97,24,13.29,2
5.4,15,10.97,24,13.29,2
5.4,15,10.97,24,13.29,2
5.4,15,10.97,24,13.29,2
5.4,15,10.97,24,13.29,2
5.4,15,10.97,24,13.29,2
5.4,15,10.97,24,13.29,2
5.4,15,10.97,24,13.29,2
5.4,15,10.97,24,13.29,2
5.4,15,10.97,24,13.29,2
5.4,15,10.97,24,13.29,2
5.4,15,10.97,24,13.29,2
5.4,15,10.97,24,13.29,2
5.4,15,10.97,24,13.29,2
5.4,15,10.97,24,13.29,2
5.4,15,10.97,24,13.29,2
5.4,15,10.97,24,13.29,2
5.4,15,10.97,24,13.29,2
5.4,15,10.97,24,13.29,2
5.4,15,10.97,24,13.29,2
5.4,15,10.97,24,13.29,2
5.4,15,10.97,24,13.29,2
5.4,15,10.97,24,13.29,1
5.4,15,10.97,24,13.29,1
5.4,15,10.97,24,13.29,1
5.4,15,10.97,24,13.29,1
5.4,15,10.97,24,13.29,1
5.4,15,10.97,24,13.29,1
5.4,15,10.97,24,13.29,1
5.4,15,10.97,24,13.29,1
5.4,15,10.97,24,13.29,1
5.4,15,10.97,24,13.29,1
5.4,15,10.97,24,13.29,0
5.4,15,10.97,24,13.29,0
5.4,15,10.97,24,13.29,0
5.4,15,10.97,24,13.29,0
5.4,15,10.97,24,13.29,0
5.4,15,10.97,24,13.29,0
5.4,15,10.97,24,13.29,0
5.4,15,10.97,24,13.29,0
5.4,15,10.97,24,13.29,0
5.4,15,10.97,24,13.29,0
5.4,15,10.97,24,13.29,0
5.4,15,10.97,24,13.29,0
5.4,15,10.97,24,13.29,2
5.4,15,10.97,24,13.29,2
5.4,15,10.97,24,13.29,2
5.4,15,10.97,24,13.29,2
5.4,15,10.97,24,13.29,2
5.4,15,10.97,24,13.29,2
5.4,15,10.97,24,13.29,2
5.4,15,10.97,24,13.29,2
5.4,15,10.97,24,13.29,2
5.4,15,10.97,24,13.29,2
5.4,15,10.97,24,13.29,2
5.4,15,10.97,24,13.29,2
5.4,15,10.97,24,13.29,2
5.4,15,10.97,24,13.29,2
5.4,15,10.97,24,13.29,2
5.4,15,10.97,24,13.29,2
5.4,15,10.97,24,13.29,2
5.4,15,10.97,24,13.29,2
5.4,15,10.97,24,13.29,2
5.5,16,11.48,27,12.98,1
5.5,16,11.48,27,12.98,1
5.5,16,11.48,27,12.98,1
5.5,16,11.48,27,12.98,1
5.5,16,11.48,27,12.98,1
5.5,16,11.48,27,12.98,1
5.5,16,11.48,27,12.98,1
5.5,16,11.48,27,12.98,1
5.5,16,11.48,27,12.98,1
5.5,16,11.48,27,12.98,1
5.5,16,11.48,27,12.98,0
5.5,16,11.48,27,12.98,0
5.5,16,11.48,27,12.98,0
5.5,16,11.48,27,12.98,0
5.5,16,11.48,27,12.98,0
5.5,16,11.48,27,12.98,0
5.5,16,11.48,27,12.98,0
5.5,16,11.48,27,12.98,0
5.5,16,11.48,27,12.98,0
5.5,16,11.48,27,12.98,0
5.5,16,11.48,27,12.98,0
5.5,16,11.48,27,12.98,0
6.2,18,11.48,27,12.98,2
6.2,18,11.48,27,12.98,2
6.2,18,11.48,27,12.98,2
6.2,18,11.48,27,12.98,2
6.2,18,11.48,27,12.98,2
6.2,18,11.48,27,12.98,2
6.2,18,11.48,27,12.98,2
6.2,18,11.48,27,12.98,2
6.2,18,11.48,27,12.98,2
6.2,18,11.48,27,12.98,2
6.2,18,11.48,27,12.98,2
6.2,18,11.48,27,12.98,2
6.2,18,11.48,27,12.98,2
6.2,18,11.48,27,12.98,2
6.2,18,11.48,27,12.98,2
6.2,18,11.48,27,12.98,2
6.2,18,11.48,27,12.98,2
6.2,18,11.48,27,12.98,2
6.2,18,11.48,27,12.98,2
6.2,18,11.48,27,12.98,2
6.2,18,11.48,27,12.98,2
6.2,18,11.48,27,12.98,2
6,18,11.48,27,12.98,1
6,18,11.48,27,12.98,1
6,18,11.48,27,12.98,1
6,18,11.48,27,12.98,1
6,18,11.48,27,12.98,1
6,18,11.48,27,12.98,1
6,18,11.48,27,12.98,1
6,18,11.48,27,12.98,1
6,18,11.48,27,12.98,1
6,18,11.48,27,12.98,1
6,18,11.48,27,12.98,1
6,18,11.48,27,12.98,1
6,18,11.48,27,12.98,0
6.1,18,11.48,27,12.98,0
6.1,18,11.48,27,12.98,0
6.1,18,11.48,27,12.98,0
6.1,18,11.48,27,12.98,0
6.1,18,11.48,27,12.98,0
6.1,18,11.48,27,12.98,0
5.9,18,11.48,27,12.98,0
5.9,18,11.48,27,12.98,0
5.9,18,11.48,27,12.98,0
5.9,18,11.48,27,12.98,0
5.9,18,11.48,27,12.98,0
5.9,18,11.48,27,12.98,2
5.9,18,11.48,27,12.98,2
5.9,18,11.48,27,12.98,2
5.9,18,11.48,27,12.98,2
5.9,18,11.48,27,12.98,2
5.9,18,11.48,27,12.98,2
5.9,18,11.48,27,12.98,2
5.9,18,11.48,27,12.98,2
6.2,18,11.48,27,12.98,2
6.2,18,11.48,27,12.98,2
6.2,18,11.48,27,12.98,2
6.2,18,11.48,27,12.98,2
6.2,18,11.48,27,12.98,2
5.9,18,11.48,27,12.98,2
5.9,18,11.48,27,12.98,2
5.9,18,11.48,27,12.98,2
5.9,18,11.48,27,12.98,2
5.9,18,11.48,27,12.98,2
6.5,18,11.48,27,12.98,1
6.5,18,11.48,27,12.98,1
6.3,18,11.48,27,12.98,1
6.3,18,11.48,27,12.98,1
6.3,18,11.48,27,12.98,1
6.3,18,11.48,27,12.98,1
6.1,18,11.48,27,12.98,1
6.1,18,11.48,27,12.98,1
6.1,18,11.48,27,12.98,1
6.1,18,11.48,27,12.98,1
6.1,18,11.48,27,12.98,1
6.1,18,11.48,27,12.98,1
6.1,18,11.48,27,12.98,1
6.1,18,11.48,27,12.98,1
6.1,18,11.48,27,12.98,0
6.1,18,11.48,27,12.98,0
6.1,18,11.48,27,12.98,0
6.1,18,11.48,27,12.98,0
6.1,18,11.48,27,12.98,0
6.1,18,11.48,27,12.98,0
6.1,18,11.48,27,12.98,0
6.1,18,11.48,27,12.98,0
6.1,18,11.48,27,12.98,0
6.1,18,11.48,27,12.98,0
6.1,18,11.48,27,12.98,0
5.9,18,11.48,27,12.98,2
5.9,18,11.48,27,12.98,2
5.9,18,11.48,27,12.98,2
5.9,18,11.48,27,12.98,2
5.9,18,11.48,27,12.98,2
5.9,18,11.48,27,12.98,2
5.9,18,11.48,27,12.98,2
5.9,18,11.48,27,12.98,2
5.9,18,11.48,27,12.98,2
5.9,18,11.48,27,12.98,2
5.9,18,11.48,27,12.98,2
5.9,18,11.48,27,12.98,2
6.2,18,11.48,27,12.98,2
6.2,18,11.48,27,12.98,2
6.2,18,11.48,27,12.98,2
6.2,18,11.48,27,12.98,2
6.2,18,11.48,27,12.98,2
6.2,18,11.48,27,12.98,2
6.2,18,11.48,27,12.98,2
6.2,18,11.48,27,12.98,2
6.2,18,11.48,27,12.98,2
6.2,18,11.48,27,12.98,2
6.2,18,11.48,27,12.98,2
6.2,18,11.48,27,12.98,2
6.7,22,11.48,27,12.98,1
6.7,22,11.48,27,12.98,1
6.7,22,11.48,27,12.98,1
6.7,22,11.48,27,12.98,1
6.7,22,11.48,27,12.98,1
6.7,22,11.48,27,12.98,1
6.7,22,11.48,27,12.98,1
6.7,22,11.48,27,12.98,1
6.5,22,11.48,27,12.98,1
6.5,22,11.48,27,12.98,1
6.5,22,11.48,27,12.98,1
6.5,22,11.48,27,12.98,1
6.5,22,11.48,27,12.98,1
6.5,22,11.48,27,12.98,1
6.2,22,11.48,27,12.98,0
6.2,22,11.48,27,12.98,0
6,22,11.48,27,12.98,0
6,22,11.48,27,12.98,0
5.8,22,11.48,27,12.98,0
5.8,22,11.48,27,12.98,0
6.2,22,11.48,27,12.98,0
6.5,22,11.48,27,12.98,0
6.5,22,11.48,27,12.98,0
6.5,22,11.48,27,12.98,0
6.5,22,11.48,27,12.98,0
6.4,16,11.48,27,12.98,2
6.4,16,11.48,27,12.98,2
6.4,16,11.48,27,12.98,2
6.4,16,11.48,27,12.98,2
6.4,16,11.48,27,12.98,2
6.4,16,11.48,27,12.98,2
6.4,16,11.48,27,12.98,2
6.4,16,11.48,27,12.98,2
6.4,16,11.48,27,12.98,2
6.4,16,11.48,27,12.98,2
6.4,16,11.48,27,12.98,2
6.4,16,11.48,27,12.98,2
6.4,16,11.48,27,12.98,2
6.4,16,11.48,27,12.98,2
6.4,16,11.48,27,12.98,2
6.4,16,11.48,27,12.98,2
6.4,16,11.48,27,12.98,2
6.4,16,11.48,27,12.98,2
6.4,16,11.48,27,12.98,2
6.4,16,11.48,27,12.98,2
6.4,16,11.48,27,12.98,2
7.5,20,11.22,28,12.81,1
7.5,20,11.22,28,12.81,1
7.5,20,11.22,28,12.81,1
7.5,20,11.22,28,12.81,1
7.5,20,11.22,28,12.81,1
7.5,20,11.22,28,12.81,1
7.5,20,11.22,28,12.81,1
7.5,20,11.22,28,12.81,1
7.5,20,11.22,28,12.81,1
7.5,20,11.22,28,12.81,1
7.5,20,11.22,28,12.81,1
7.5,20,11.22,28,12.81,1
7.5,20,11.22,28,12.81,0
7.5,20,11.22,28,12.81,0
7.5,20,11.22,28,12.81,0
7.5,20,11.22,28,12.81,0
7.5,20,11.22,28,12.81,0
7.5,20,11.22,28,12.81,0
7.5,20,11.22,28,12.81,0
7.5,20,11.22,28,12.81,0
7.5,20,11.22,28,12.81,0
7.5,20,11.22,28,12.81,0
6.5,16,11.22,28,12.81,2
6.5,16,11.22,28,12.81,2
6.5,16,11.22,28,12.81,2
6.5,16,11.22,28,12.81,2
6.5,16,11.22,28,12.81,2
6.5,16,11.22,28,12.81,2
6.5,16,11.22,28,12.81,2
6.5,16,11.22,28,12.81,2
6.5,16,11.22,28,12.81,2
6.5,16,11.22,28,12.81,2
6.8,16,11.22,28,12.81,2
6.8,16,11.22,28,12.81,2
6.8,16,11.22,28,12.81,2
6.8,16,11.22,28,12.81,2
6.8,16,11.22,28,12.81,2
6.8,16,11.22,28,12.81,2
6.8,16,11.22,28,12.81,2
6.8,16,11.22,28,12.81,2
6.8,16,11.22,28,12.81,2
6.8,16,11.22,28,12.81,2
6.8,15,11.22,28,12.81,1
6.8,15,11.22,28,12.81,1
6.8,15,11.22,28,12.81,1
6.8,15,11.22,28,12.81,1
6.8,15,11.22,28,12.81,1
6.8,15,11.22,28,12.81,1
6.8,15,11.22,28,12.81,1
6.8,15,11.22,28,12.81,1
6.8,15,11.22,28,12.81,1
6.8,15,11.22,28,12.81,1
6.8,15,11.22,28,12.81,1
6.8,15,11.22,28,12.81,1
6.8,15,11.22,28,12.81,0
6.8,15,11.22,28,12.81,0
6.8,15,11.22,28,12.81,0
6.8,15,11.22,28,12.81,0
6.8,15,11.22,28,12.81,0
6.8,15,11.22,28,12.81,0
6.8,15,11.22,28,12.81,0
6.8,15,11.22,28,12.81,0
6.8,15,11.22,28,12.81,0
6.8,15,11.22,28,12.81,0
6.8,15,11.22,28,12.81,0
5.7,16,11.22,28,12.81,2
5.7,16,11.22,28,12.81,2
5.7,16,11.22,28,12.81,2
5.7,16,11.22,28,12.81,2
5.7,16,11.22,28,12.81,2
5.7,16,11.22,28,12.81,2
5.7,16,11.22,28,12.81,2
5.7,16,11.22,28,12.81,2
5.7,16,11.22,28,12.81,2
5.7,16,11.22,28,12.81,2
5.7,16,11.22,28,12.81,2
5.7,16,11.22,28,12.81,2
5.7,16,11.22,28,12.81,2
5.7,16,11.22,28,12.81,2
5.7,16,11.22,28,12.81,2
5.7,16,11.22,28,12.81,2
5.7,16,11.22,28,12.81,2
5.7,16,11.22,28,12.81,2
5.7,16,11.22,28,12.81,2
5.7,16,11.22,28,12.81,2
5.7,16,11.22,28,12.81,2
5.7,16,11.22,28,12.81,2
5.7,16,11.22,28,12.81,1
5.7,16,11.22,28,12.81,1
5.7,16,11.22,28,12.81,1
5.7,16,11.22,28,12.81,1
5.7,16,11.22,28,12.81,1
5.7,16,11.22,28,12.81,1
5.7,16,11.22,28,12.81,1
5.7,16,11.22,28,12.81,1
5.7,16,11.22,28,12.81,1
5.3,16,11.22,28,12.81,1
5.3,16,11.22,28,12.81,1
5.3,16,11.22,28,12.81,1
5.3,16,11.22,28,12.81,1
5.8,16,11.22,28,12.81,0
5.8,16,11.22,28,12.81,0
5.8,16,11.22,28,12.81,0
5.9,16,11.22,28,12.81,0
5.9,16,11.22,28,12.81,0
5.9,16,11.22,28,12.81,0
5.9,16,11.22,28,12.81,0
6,16,11.22,28,12.81,0
6,16,11.22,28,12.81,0
5.7,16,11.22,28,12.81,0
5.7,16,11.22,28,12.81,0
5.7,16,11.22,28,12.81,0
5.7,18,11.22,28,12.81,2
5.7,18,11.22,28,12.81,2
5.7,18,11.22,28,12.81,2
5.7,18,11.22,28,12.81,2
5.7,18,11.22,28,12.81,2
5.7,18,11.22,28,12.81,2
5.7,18,11.22,28,12.81,2
5.7,18,11.22,28,12.81,2
5.7,18,11.22,28,12.81,2
5.7,18,11.22,28,12.81,2
5.7,18,11.22,28,12.81,2
5.7,18,11.22,28,12.81,2
5.7,18,11.22,28,12.81,2
5.7,18,11.22,28,12.81,2
5.7,18,11.22,28,12.81,2
5.7,18,11.22,28,12.81,2
5.7,18,11.22,28,12.81,2
5.7,18,11.22,28,12.81,2
5.7,18,11.22,28,12.81,2
5.7,18,11.22,28,12.81,2
5.7,18,11.22,28,12.81,2
5.7,18,11.22,28,12.81,2
5.7,18,11.22,28,12.81,2
5.7,18,11.22,28,12.81,2
4.7,18,11.22,28,12.81,1
4.7,18,11.22,28,12.81,1
4.7,18,11.22,28,12.81,1
4.7,18,11.22,28,12.81,1
4.7,18,11.22,28,12.81,1
4.7,18,11.22,28,12.81,1
4.7,18,11.22,28,12.81,1
4.7,18,11.22,28,12.81,1
4.7,18,11.22,28,12.81,1
4.7,18,11.22,28,12.81,1
4.7,18,11.22,28,12.81,1
4.7,18,11.22,28,12.81,0
4.7,18,11.22,28,12.81,0
4.7,18,11.22,28,12.81,0
4.5,18,11.22,28,12.81,0
4.5,18,11.22,28,12.81,0
4.5,18,11.22,28,12.81,0
4.5,18,11.22,28,12.81,0
4.5,18,11.22,28,12.81,0
4.5,18,11.22,28,12.81,0
4.5,18,11.22,28,12.81,0
4.5,20,11.22,28,12.81,2
4.5,20,11.22,28,12.81,2
4.5,20,11.22,28,12.81,2
4.5,20,11.22,28,12.81,2
4.5,20,11.22,28,12.81,2
4.5,20,11.22,28,12.81,2
4.5,20,11.22,28,12.81,2
4.5,20,11.22,28,12.81,2
4.5,20,11.22,28,12.81,2
4.5,20,11.22,28,12.81,2
4.5,20,11.22,28,12.81,2
4.5,20,11.22,28,12.81,2
4.5,20,11.22,28,12.81,2
4.5,20,11.22,28,12.81,2
4.5,20,11.22,28,12.81,2
4.5,20,11.22,28,12.81,2
4.5,20,11.22,28,12.81,2
4.5,20,11.22,28,12.81,2
4.5,20,11.22,28,12.81,2
4.5,20,11.22,28,12.81,2
4.5,20,11.22,28,12.81,2
4.5,19,11.22,28,12.81,1
4.5,19,11.22,28,12.81,1
4.5,19,11.22,28,12.81,1
4.5,19,11.22,28,12.81,1
4.5,19,11.22,28,12.81,1
4.5,19,11.22,28,12.81,1
4.5,19,11.22,28,12.81,1
4.5,19,11.22,28,12.81,1
4.5,19,11.22,28,12.81,1
4.5,19,11.22,28,12.81,1
4.5,19,11.22,28,12.81,0
4.5,19,11.22,28,12.81,0
4.5,19,11.22,28,12.81,0
4.5,19,11.22,28,12.81,0
4.3,19,11.22,28,12.81,0
4.3,19,11.22,28,12.81,0
4.3,19,11.22,28,12.81,0
4.3,19,11.22,28,12.81,0
4.3,19,11.22,28,12.81,0
4.7,17,11,28,12.41,0
4.7,17,11,28,12.41,0
4.7,17,11,28,12.41,0
4.7,17,11,28,12.41,1
4.7,17,11,28,12.41,1
4.7,17,11,28,12.41,1
4.7,17,11,28,12.41,1
4.5,17,11,28,12.41,1
4.5,17,11,28,12.41,1
4.5,17,11,28,12.41,1
4.5,17,11,28,12.41,1
4.5,17,11,28,12.41,0
4.2,17,11,28,12.41,0
4.2,17,11,28,12.41,0
4.2,17,11,28,12.41,0
4,17,11,28,12.41,0
4,17,11,28,12.41,0
4,17,11,28,12.41,0
4,17,11,28,12.41,0
4,17,11,28,12.41,0
4,17,11,28,12.41,0
4,14,10.51,25,12.86,0
4,14,10.51,25,12.86,0
4,14,10.51,25,12.86,1
4,14,10.51,25,12.86,1
4,15,10.51,25,12.86,1
4,15,10.51,25,12.86,1
4,15,10.51,25,12.86,1
4,14,10.51,25,12.86,1
4,13,10.51,25,12.86,1
4,13,10.51,25,12.86,1
4,12,10.51,25,12.86,0
4,12,10.51,25,12.86,0
4,12,10.51,25,12.86,0
4,12,10.51,25,12.86,0
4,12,10.51,25,12.86,0
4,12,10.51,25,12.86,0
4,12,10.51,25,12.86,0
4,12,10.51,25,12.86,0
4,12,10.51,25,12.86,0
4,12,10.51,25,12.86,1
4,12,10.51,25,12.86,1
4,12,10.51,25,12.86,1
3.8,12,10.51,25,12.86,1
3.8,12,10.51,25,12.86,1
3.8,12,10.51,25,12.86,1
3.8,12,10.51,25,12.86,1
3.5,12,10.51,25,12.86,1
3.5,12,10.51,25,12.86,1
3.5,12,10.51,25,12.86,0
3.3,10,10.51,25,12.86,0
3.3,10,10.51,25,12.86,0
3.3,10,10.51,25,12.86,0
3.3,10,10.51,25,12.86,0
3.3,10,10.51,25,12.86,0
3.6,10,10.51,25,12.86,0
3.6,10,10.51,25,12.86,0
3.6,10,10.51,25,12.86,0
3.6,10,10.51,25,12.86,0
3.6,10,10.51,25,12.86,0
3.6,10,10.51,25,12.86,0
3.8,10,10.51,25,12.86,2
3.8,10,10.51,25,12.86,2
3.8,10,10.51,25,12.86,2
3.8,10,10.51,25,12.86,2
3.8,10,10.51,25,12.86,2
3.8,10,10.51,25,12.86,2
3.8,10,10.51,25,12.86,2
3.8,10,10.51,25,12.86,2
3.8,10,10.51,25,12.86,2
3.8,10,10.51,25,12.86,2
3.8,10,10.51,25,12.86,2
3.8,10,10.51,25,12.86,2
3.8,10,10.51,25,12.86,2
3.8,10,10.51,25,12.86,2
3.8,10,10.51,25,12.86,2
3.8,10,10.51,25,12.86,2
3.8,10,10.51,25,12.86,2
3.8,10,10.51,25,12.86,2
3.8,10,10.51,25,12.86,2
3.8,9,10.51,25,12.86,1
3.8,9,10.51,25,12.86,1
3.8,9,10.51,25,12.86,1
4,9,10.51,25,12.86,1
4,9,10.51,25,12.86,1
4,9,10.51,25,12.86,1
4,9,10.51,25,12.86,1
4,9,10.51,25,12.86,1
4,9,10.51,25,12.86,1
4,9,10.51,25,12.86,1
4,9,10.51,25,12.86,0
4,9,10.51,25,12.86,0
4,9,10.51,25,12.86,0
4,9,10.51,25,12.86,0
4,9,10.51,25,12.86,0
4,9,10.51,25,12.86,0
4,9,10.51,25,12.86,0
3.8,11,10.51,25,12.86,1
3.8,11,10.51,25,12.86,1
3.8,11,10.51,25,12.86,1
3.8,11,10.51,25,12.86,1
3.5,12,10.51,25,12.86,1
3.5,12,10.51,25,12.86,1
3.5,12,10.51,25,12.86,1
3.5,12,10.51,25,12.86,1
3.5,12,10.51,25,12.86,1
3.5,12,10.51,25,12.86,1
3.5,12,10.51,25,12.86,0
3.5,12,10.51,25,12.86,0
3.5,12,10.51,25,12.86,0
3.5,12,10.51,25,12.86,0
3.5,12,10.51,25,12.86,0
3.5,12,10.51,25,12.86,0
3.5,12,10.51,25,12.86,0
3.5,12,10.51,25,12.86,0
3.5,12,10.51,25,12.86,0
3.5,12,10.51,25,12.86,0
3.5,12,10.51,25,12.86,0
3.5,12,10.51,25,12.86,0
3.5,12,10.51,25,12.86,0
3.5,12,10.51,25,12.86,0
3.5,12,10.51,25,12.86,2
3.5,12,10.51,25,12.86,2
3.5,12,10.51,25,12.86,2
3.5,12,10.51,25,12.86,2
3.5,12,10.51,25,12.86,2
3.5,12,10.51,25,12.86,2
3.5,12,10.51,25,12.86,2
3.5,12,10.51,25,12.86,2
3.5,12,10.51,25,12.86,2
3.5,12,10.51,25,12.86,2
3.5,12,10.51,25,12.86,2
3.5,12,10.51,25,12.86,2
3.5,12,10.51,25,12.86,2
3.5,12,10.51,25,12.86,2
3.5,12,10.51,25,12.86,2
3.5,12,10.51,25,12.86,2
3.5,12,10.51,25,12.86,2
3.5,12,10.51,25,12.86,2
3.5,12,10.51,25,12.86,2
3.5,12,10.51,25,12.86,2
3.5,12,10.51,25,12.86,2
3.5,12,10.51,25,12.86,2
3.5,12,10.51,25,12.86,2
3.5,12,10.51,25,12.86,2
3.5,12,10.51,25,12.86,2
3.5,11,10.51,25,12.86,1
3.5,11,10.51,25,12.86,1
3.5,11,10.51,25,12.86,1
3.5,11,10.51,25,12.86,1
3.5,11,10.51,25,12.86,1
3.5,12,10.51,25,12.86,1
3.5,12,10.51,25,12.86,1
3.5,12,10.51,25,12.86,1
3.5,12,10.51,25,12.86,1
3.5,12,10.51,25,12.86,1
3.5,12,10.51,25,12.86,1
3.5,12,10.51,25,12.86,1
3.5,12,10.51,25,12.86,1
3.5,12,10.51,25,12.86,1
3.5,12,10.51,25,12.86,1
3.5,12,10.51,25,12.86,0
3.5,12,10.51,25,12.86,0
3.5,12,10.51,25,12.86,0
3.5,12,10.51,25,12.86,0
3.5,12,10.51,25,12.86,0
3.5,12,10.51,25,12.86,0
3.5,12,10.51,25,12.86,0
3.5,12,10.51,25,12.86,0
3.5,12,10.51,25,12.86,0
3.5,12,10.51,25,12.86,0
3.5,12,10.51,25,12.86,0
3.5,12,10.51,25,12.86,0
3.5,12,10.51,25,12.86,0
3.5,12,10.51,25,12.86,0
3.3,10,10.51,25,12.86,2
3.3,10,10.51,25,12.86,2
3.3,10,10.51,25,12.86,2
3.3,10,10.51,25,12.86,2
3.6,10,10.51,25,12.86,2
3.6,10,10.51,25,12.86,2
3.6,10,10.51,25,12.86,2
3.6,10,10.51,25,12.86,2
3.6,10,10.51,25,12.86,2
3.6,10,10.51,25,12.86,2
3.6,10,10.51,25,12.86,2
4,10,10.51,25,12.86,2
4,10,10.51,25,12.86,2
4,10,10.51,25,12.86,2
4,10,10.51,25,12.86,2
4,10,10.51,25,12.86,2
4,10,10.51,25,12.86,2
4.5,10,10.51,25,12.86,2
4.5,10,10.51,25,12.86,2
4.5,10,10.51,25,12.86,2
4.5,10,10.51,25,12.86,2
4.5,10,10.51,25,12.86,2
4.5,10,10.51,25,12.86,2
4.5,10,10.51,25,12.86,2
4.5,12,11.07,25,12.71,1
4.5,12,11.07,25,12.71,1
4.5,12,11.07,25,12.71,1
4.5,12,11.07,25,12.71,1
4.5,12,11.07,25,12.71,1
4.5,12,11.07,25,12.71,1
4.5,12,11.07,25,12.71,1
4.5,12,11.07,25,12.71,1
4.5,12,11.07,25,12.71,1
4.5,12,11.07,25,12.71,1
4.5,12,11.07,25,12.71,1
4.3,12,11.07,25,12.71,1
4.3,12,11.07,25,12.71,1
4.4,12,11.07,25,12.71,1
4.4,12,11.07,25,12.71,0
4.4,12,11.07,25,12.71,0
4.4,12,11.07,25,12.71,0
4.6,12,11.07,25,12.71,0
4.6,12,11.07,25,12.71,0
4.6,12,11.07,25,12.71,0
4.6,12,11.07,25,12.71,0
4.6,12,11.07,25,12.71,0
4.6,12,11.07,25,12.71,0
4.8,12,11.07,25,12.71,0
4.8,12,11.07,25,12.71,0
4.8,12,11.07,25,12.71,0
4.8,12,11.07,25,12.71,0
4.5,12,11.07,25,12.71,2
4.5,12,11.07,25,12.71,2
4.5,12,11.07,25,12.71,2
4.5,12,11.07,25,12.71,2
4.5,12,11.07,25,12.71,2
4.5,12,11.07,25,12.71,2
4.5,12,11.07,25,12.71,2
4.5,12,11.07,25,12.71,2
4.5,12,11.07,25,12.71,2
4.5,12,11.07,25,12.71,2
4.5,12,11.07,25,12.71,2
4.5,12,11.07,25,12.71,2
4.5,12,11.07,25,12.71,2
4.5,12,11.07,25,12.71,2
4.5,12,11.07,25,12.71,2
4.5,12,11.07,25,12.71,2
4.5,12,11.07,25,12.71,2
4.5,12,11.07,25,12.71,2
4.5,12,11.07,25,12.71,2
4.5,12,11.07,25,12.71,2
4.5,12,11.07,25,12.71,2
4.5,12,11.07,25,12.71,2
4.5,12,11.07,25,12.71,2
4.5,12,11.07,25,12.71,2
4.5,12,11.07,25,12.71,2
4.5,12,11.07,25,12.71,2
4.5,12,11.07,25,12.71,2
4.5,12,11.07,25,12.71,2
5.5,12,11.16,25,12.61,1
5.5,12,11.16,25,12.61,1
5.5,12,11.16,25,12.61,1
5.5,12,11.16,25,12.61,1
5.5,12,11.16,25,12.61,1
5.5,12,11.16,25,12.61,1
5.5,12,11.16,25,12.61,1
5.5,12,11.16,25,12.61,1
5.8,12,11.16,25,12.61,1
5.8,12,11.16,25,12.61,1
5.8,12,11.16,25,12.61,1
5.8,12,11.16,25,12.61,1
5.8,12,11.16,25,12.61,1
5.8,12,11.16,25,12.61,1
5.8,12,11.16,25,12.61,0
5.8,12,11.16,25,12.61,0
5.8,12,11.16,25,12.61,0
5.8,12,11.16,25,12.61,0
5.8,12,11.16,25,12.61,0
5.8,12,11.16,25,12.61,0
5.8,13,11.16,25,12.61,0
5.8,13,11.16,25,12.61,0
5.8,13,11.16,25,12.61,0
5.8,13,11.16,25,12.61,0
5.8,13,11.16,25,12.61,0
5.8,13,11.16,25,12.61,0
5.8,13,11.16,25,12.61,0
5.5,14,11.16,25,12.61,0
5.5,14,11.16,25,12.61,0
5.5,14,11.16,25,12.61,0
5.5,14,11.16,25,12.61,0
5.5,14,11.16,25,12.61,1
5.5,14,11.16,25,12.61,1
5.5,14,11.16,25,12.61,1
5.5,14,11.16,25,12.61,1
5.5,14,11.16,25,12.61,1
5.5,14,11.16,25,12.61,1
5.5,14,11.16,25,12.61,1
5.5,14,11.16,25,12.61,1
5.5,14,11.16,25,12.61,1
5.5,14,11.16,25,12.61,1
5.5,14,11.16,25,12.61,0
5.5,14,11.16,25,12.61,0
5.5,14,11.16,25,12.61,0
5.5,14,11.16,25,12.61,0
5.5,14,11.16,25,12.61,0
5.5,14,11.16,25,12.61,0
5.5,14,11.16,25,12.61,0
5.5,14,11.16,25,12.61,0
5.5,14,11.16,25,12.61,0
5.5,14,11.16,25,12.61,0
5.5,14,11.16,25,12.61,0
5.5,14,11.16,25,12.61,0
5.5,14,11.16,25,12.61,0
5.5,14,11.16,25,12.61,0
4.7,12,11.16,25,12.61,0
4.7,12,11.16,25,12.61,1
4.7,12,11.16,25,12.61,1
4.7,12,11.16,25,12.61,1
4.7,12,11.16,25,12.61,1
4.7,12,11.16,25,12.61,1
4.7,12,11.16,25,12.61,1
4.7,12,11.16,25,12.61,1
4.7,12,11.16,25,12.61,1
4.7,12,11.16,25,12.61,1
4.7,12,11.16,25,12.61,1
4.7,12,11.16,25,12.61,1
4.8,12,11.16,25,12.61,1
4.8,12,11.16,25,12.61,1
4.8,12,11.16,25,12.61,0
4.8,12,11.16,25,12.61,0
4.8,12,11.16,25,12.61,0
4.8,12,11.16,25,12.61,0
4.8,12,11.16,25,12.61,0
4.8,12,11.16,25,12.61,0
4.8,12,11.16,25,12.61,0
4.9,12,11.16,25,12.61,0
4.9,12,11.16,25,12.61,0
4.9,12,11.16,25,12.61,0
4.9,12,11.16,25,12.61,0
4.9,12,11.16,25,12.61,0
4.9,12,11.16,25,12.61,0
4.9,12,11.16,25,12.61,2
4.9,12,11.16,25,12.61,2
4.9,12,11.16,25,12.61,2
4.9,12,11.16,25,12.61,2
4.9,12,11.16,25,12.61,2
4.9,12,11.16,25,12.61,2
4.9,12,11.16,25,12.61,2
4.9,12,11.16,25,12.61,2
4.9,12,11.16,25,12.61,2
4.9,12,11.16,25,12.61,2
4.9,12,11.16,25,12.61,2
4.9,12,11.16,25,12.61,2
4.9,12,11.16,25,12.61,2
4.9,12,11.16,25,12.61,2
4.9,12,11.16,25,12.61,2
4.9,12,11.16,25,12.61,2
4.9,12,11.16,25,12.61,2
4.9,12,11.16,25,12.61,2
4.9,12,11.16,25,12.61,2
4.9,12,11.16,25,12.61,2
4.9,12,11.16,25,12.61,2
4.9,12,11.16,25,12.61,2
4.9,12,11.16,25,12.61,2
4.9,12,11.16,25,12.61,2
4.9,12,11.16,25,12.61,2
4.9,12,11.16,25,12.61,2
4.9,12,11.16,25,12.61,2
5.5,12,11.08,27,12.73,1
5.5,12,11.08,27,12.73,1
5.5,12,11.08,27,12.73,1
5.5,12,11.08,27,12.73,1
5.5,12,11.08,27,12.73,1
5.5,12,11.08,27,12.73,1
5.5,12,11.08,27,12.73,1
5.5,12,11.08,27,12.73,1
5.5,12,11.08,27,12.73,1
5.5,12,11.08,27,12.73,1
5.5,12,11.08,27,12.73,1
5.5,12,11.08,27,12.73,1
5.5,12,11.08,27,12.73,1
5.5,12,11.08,27,12.73,1
5.5,12,11.08,27,12.73,0
5.5,12,11.08,27,12.73,0
5.5,12,11.08,27,12.73,0
5.5,12,11.08,27,12.73,0
5.5,12,11.08,27,12.73,0
5.5,12,11.08,27,12.73,0
5.5,12,11.08,27,12.73,0
5.5,12,11.08,27,12.73,0
4.6,13,10.66,25,12.93,0
4.6,13,10.66,25,12.93,0
4.6,13,10.66,25,12.93,0
4.6,13,10.66,25,12.93,1
4.6,13,10.66,25,12.93,1
4.6,13,10.66,25,12.93,1
4.6,13,10.66,25,12.93,1
4.6,13,10.66,25,12.93,1
4.6,13,10.66,25,12.93,1
4.6,13,10.66,25,12.93,1
4.6,13,10.66,25,12.93,1
4.6,13,10.66,25,12.93,1
4.6,13,10.66,25,12.93,1
4.6,13,10.66,25,12.93,1
4.6,13,10.66,25,12.93,1
4.6,13,10.66,25,12.93,0
4.6,13,10.66,25,12.93,0
4.6,13,10.66,25,12.93,0
4.6,13,10.66,25,12.93,0
4.6,13,10.66,25,12.93,0
4.6,13,10.66,25,12.93,0
4.6,13,10.66,25,12.93,0
4.6,13,10.66,25,12.93,0
4.6,13,10.66,25,12.93,0
4.6,13,10.66,25,12.93,0
4.6,13,10.66,25,12.93,0
5.3,14,11.12,26,12.89,2
5.3,14,11.12,26,12.89,2
5.3,14,11.12,26,12.89,2
5.3,14,11.12,26,12.89,2
5.3,14,11.12,26,12.89,2
5.3,14,11.12,26,12.89,2
5.3,14,11.12,26,12.89,2
5.3,14,11.12,26,12.89,2
5.5,14,11.12,26,12.89,2
5.5,14,11.12,26,12.89,2
5.5,14,11.12,26,12.89,2
5.5,14,11.12,26,12.89,2
5.5,14,11.12,26,12.89,2
5.5,14,11.12,26,12.89,2
5.5,14,11.12,26,12.89,2
5.5,14,11.12,26,12.89,2
5.5,14,11.12,26,12.89,2
5.5,14,11.12,26,12.89,2
5.5,14,11.12,26,12.89,2
5.5,14,11.12,26,12.89,2
5.5,14,11.12,26,12.89,2
6.3,14,11.12,26,12.89,2
6.3,14,11.12,26,12.89,2
6.3,14,11.12,26,12.89,2
6.3,14,11.12,26,12.89,2
6.3,14,11.12,26,12.89,2
6.3,14,11.12,26,12.89,2
6.3,14,11.12,26,12.89,2
5.3,14,11.12,26,12.89,1
5.3,14,11.12,26,12.89,1
5.3,14,11.12,26,12.89,1
5.3,14,11.12,26,12.89,1
5.3,14,11.12,26,12.89,1
5.3,14,11.12,26,12.89,1
5.3,14,11.12,26,12.89,1
5.3,14,11.12,26,12.89,1
5.3,14,11.12,26,12.89,1
5.3,14,11.12,26,12.89,1
5.3,14,11.12,26,12.89,1
5.3,14,11.12,26,12.89,1
5.3,14,11.12,26,12.89,1
5.3,14,11.12,26,12.89,1
5.3,14,11.12,26,12.89,0
5.3,14,11.12,26,12.89,0
5.3,14,11.12,26,12.89,0
5.3,14,11.12,26,12.89,0
5.3,14,11.12,26,12.89,0
5.3,14,11.12,26,12.89,0
5.3,14,11.12,26,12.89,0
5.3,14,11.12,26,12.89,0
5.3,14,11.12,26,12.89,0
5.3,14,11.12,26,12.89,0
5.3,14,11.12,26,12.89,0
5.3,14,11.12,26,12.89,0
5.3,14,11.12,26,12.89,0
5.3,14,11.12,26,12.89,0
5.8,12,11.12,26,12.89,2
5.8,12,11.12,26,12.89,2
5.8,12,11.12,26,12.89,2
5.8,12,11.12,26,12.89,2
5.8,12,11.12,26,12.89,2
5.8,12,11.12,26,12.89,2
5.8,12,11.12,26,12.89,2
5.5,14,11.12,26,12.89,1
5.5,14,11.12,26,12.89,1
5.5,14,11.12,26,12.89,1
5.5,14,11.12,26,12.89,1
5.5,14,11.12,26,12.89,1
5.5,14,11.12,26,12.89,1
5.5,14,11.12,26,12.89,1
5.5,14,11.12,26,12.89,1
5.5,14,11.12,26,12.89,1
5.5,14,11.12,26,12.89,1
5.5,14,11.12,26,12.89,1
5.5,14,11.12,26,12.89,1
5.5,14,11.12,26,12.89,0
5.5,14,11.12,26,12.89,0
5.5,14,11.12,26,12.89,0
5.5,14,11.12,26,12.89,0
5.5,14,11.12,26,12.89,0
5.5,14,11.12,26,12.89,0
5.5,14,11.12,26,12.89,0
5.5,14,11.12,26,12.89,0
5.5,14,11.12,26,12.89,0
5.5,14,11.12,26,12.89,0
6.4,14,11.12,26,12.89,2
6.4,14,11.12,26,12.89,2
6.4,14,11.12,26,12.89,2
6.4,14,11.12,26,12.89,2
6.4,14,11.12,26,12.89,2
6.4,14,11.12,26,12.89,2
6.4,14,11.12,26,12.89,2
6.3,14,11.12,26,12.89,1
6.3,14,11.12,26,12.89,1
6.3,14,11.12,26,12.89,1
6.3,14,11.12,26,12.89,1
6.3,14,11.12,26,12.89,1
6.3,14,11.12,26,12.89,1
6.3,14,11.12,26,12.89,1
6.3,14,11.12,26,12.89,1
6.3,14,11.12,26,12.89,1
6.5,14,11.12,26,12.89,1
6.5,14,11.12,26,12.89,1
6.5,14,11.12,26,12.89,1
6.5,14,11.12,26,12.89,0
6.5,14,11.12,26,12.89,0
6.5,14,11.12,26,12.89,0
6.1,14,11.12,26,12.89,0
6.1,14,11.12,26,12.89,0
6.1,14,11.12,26,12.89,0
6.1,14,11.12,26,12.89,0
6.1,14,11.12,26,12.89,0
6.1,14,11.12,26,12.89,0
6.1,14,11.12,26,12.89,0
6.1,14,11.12,26,12.89,0
6.1,14,11.12,26,12.89,0
6.1,14,11.12,26,12.89,0
6.5,14,11.12,26,12.89,2
6.5,14,11.12,26,12.89,2
6.5,14,11.12,26,12.89,2
6.5,14,11.12,26,12.89,2
6.5,14,11.12,26,12.89,2
6.5,14,11.12,26,12.89,2
6.5,15,11.12,26,12.89,2
6.8,15,11.12,26,12.89,2
6.8,15,11.12,26,12.89,2
6.8,15,11.12,26,12.89,2
6.8,15,11.12,26,12.89,2
6.8,15,11.12,26,12.89,2
6.8,15,11.12,26,12.89,2
6.8,15,11.12,26,12.89,2
6.8,15,11.12,26,12.89,2
6.8,15,11.12,26,12.89,2
6.8,15,11.12,26,12.89,2
7,15,11.12,26,12.89,2
7,15,11.12,26,12.89,2
7,15,11.12,26,12.89,2
7.3,14,11.12,26,12.89,1
7.3,14,11.12,26,12.89,1
7.3,14,11.12,26,12.89,1
7.3,14,11.12,26,12.89,1
7,14,11.12,26,12.89,1
7,14,11.12,26,12.89,1
7,14,11.12,26,12.89,1
7,14,11.12,26,12.89,1
7,14,11.12,26,12.89,1
7,14,11.12,26,12.89,1
7,14,11.12,26,12.89,1
7,14,11.12,26,12.89,0
7,14,11.12,26,12.89,0
6.6,14,11.12,26,12.89,0
6.6,14,11.12,26,12.89,0
6.6,14,11.12,26,12.89,0
6.6,14,11.12,26,12.89,0
6.6,14,11.12,26,12.89,0
6.6,14,11.12,26,12.89,0
6.2,14,11.12,26,12.89,0
6.2,14,11.12,26,12.89,0
6.2,14,11.12,26,12.89,0
6.2,14,11.12,26,12.89,0
6.2,14,11.12,26,12.89,0
6.2,14,11.12,26,12.89,0
6.2,14,11.12,26,12.89,0
6.2,15,11.12,26,12.89,2
6.2,15,11.12,26,12.89,2
6.2,15,11.12,26,12.89,2
6.5,15,11.12,26,12.89,2
6.5,15,11.12,26,12.89,2
6.5,15,11.12,26,12.89,2
6.5,15,11.12,26,12.89,2
6.5,15,11.12,26,12.89,2
6.8,15,11.12,26,12.89,2
6.8,15,11.12,26,12.89,2
6.8,15,11.12,26,12.89,2
6.8,15,11.12,26,12.89,2
6.8,15,11.12,26,12.89,2
6.8,15,11.12,26,12.89,2
6.8,15,11.12,26,12.89,2
6.8,15,11.12,26,12.89,2
6.8,15,11.12,26,12.89,2
6.8,15,11.12,26,12.89,2
6.8,15,11.12,26,12.89,2
6.8,15,11.12,26,12.89,2
6.8,15,11.12,26,12.89,2
6.8,15,11.12,26,12.89,2
6.8,15,11.12,26,12.89,2
6.8,15,11.12,26,12.89,2
6.8,15,11.12,26,12.89,2
6.8,15,11.12,26,12.89,2
6.7,16,11.12,26,12.89,1
6.7,16,11.12,26,12.89,1
6.7,16,11.12,26,12.89,1
6.7,16,11.12,26,12.89,1
6.7,16,11.12,26,12.89,1
6.7,16,11.12,26,12.89,1
6.7,16,11.12,26,12.89,1
6.7,16,11.12,26,12.89,1
6.7,16,11.12,26,12.89,1
6.7,16,11.12,26,12.89,1
6.7,16,11.12,26,12.89,1
6.7,16,11.12,26,12.89,1
6.7,16,11.12,26,12.89,1
6.7,16,11.12,26,12.89,1
6.7,16,11.12,26,12.89,0
6.7,16,11.12,26,12.89,0
6.7,16,11.12,26,12.89,0
6.7,16,11.12,26,12.89,0
6.7,16,11.12,26,12.89,0
6.7,16,11.12,26,12.89,0
6.7,16,11.12,26,12.89,0
6.7,16,11.12,26,12.89,0
6.7,16,11.12,26,12.89,0
6.7,16,11.12,26,12.89,0
6.7,16,11.12,26,12.89,0
6.7,16,11.12,26,12.89,0
6.2,15,11.12,26,12.89,2
6.2,15,11.12,26,12.89,2
6.2,15,11.12,26,12.89,2
6.2,15,11.12,26,12.89,2
6.2,15,11.12,26,12.89,2
6.2,15,11.12,26,12.89,2
6.2,15,11.12,26,12.89,2
6.5,15,11.12,26,12.89,2
6.5,15,11.12,26,12.89,2
6.5,15,11.12,26,12.89,2
6.5,15,11.12,26,12.89,2
6.8,15,11.12,26,12.89,2
6.8,15,11.12,26,12.89,2
6.8,15,11.12,26,12.89,2
6.8,15,11.12,26,12.89,2
6.8,15,11.12,26,12.89,2
7,15,11.12,26,12.89,2
7,15,11.12,26,12.89,2
7,15,11.12,26,12.89,2
7,15,11.12,26,12.89,2
7.2,15,11.12,26,12.89,2
7,14,10.52,24,12.3,1
7,14,10.52,24,12.3,1
7,14,10.52,24,12.3,1
7,14,10.52,24,12.3,1
7,14,10.52,24,12.3,1
7,14,10.52,24,12.3,1
7,14,10.52,24,12.3,1
7,14,10.52,24,12.3,1
7,14,10.52,24,12.3,1
7,14,10.52,24,12.3,1
6.7,14,10.52,24,12.3,1
6.7,14,10.52,24,12.3,1
6.7,14,10.52,24,12.3,1
6.5,14,10.52,24,12.3,1
6.5,14,10.52,24,12.3,0
6,14,10.52,24,12.3,0
6,14,10.52,24,12.3,0
6,14,10.52,24,12.3,0
6,14,10.52,24,12.3,0
6,14,10.52,24,12.3,0
6,14,10.52,24,12.3,0
6,14,10.52,24,12.3,0
6,14,10.52,24,12.3,0
6,14,10.52,24,12.3,0
6,14,10.52,24,12.3,0
6,14,10.52,24,12.3,2
6,14,10.52,24,12.3,2
6,14,10.52,24,12.3,2
6,14,10.52,24,12.3,2
6,14,10.52,24,12.3,2
6,14,10.52,24,12.3,2
6,14,10.52,24,12.3,2
6,14,10.52,24,12.3,2
6,14,10.52,24,12.3,2
6,14,10.52,24,12.3,2
6,14,10.52,24,12.3,2
6,14,10.52,24,12.3,2
6,14,10.52,24,12.3,2
6,14,10.52,24,12.3,2
6,14,10.52,24,12.3,2
6,14,10.52,24,12.3,2
6,14,10.52,24,12.3,2
6,14,10.52,24,12.3,2
6,14,10.52,24,12.3,2
6,14,10.52,24,12.3,2
6,14,10.52,24,12.3,2
6,14,10.52,24,12.3,2
6.5,14,10.52,24,12.3,1
6.5,14,10.52,24,12.3,1
6.5,14,10.52,24,12.3,1
6.5,14,10.52,24,12.3,1
6.5,14,10.52,24,12.3,1
6.5,14,10.52,24,12.3,1
6.5,14,10.52,24,12.3,1
6.5,14,10.52,24,12.3,1
6.5,14,10.52,24,12.3,1
6.5,14,10.52,24,12.3,1
6.5,14,10.52,24,12.3,1
6.5,14,10.52,24,12.3,1
6.5,14,10.52,24,12.3,1
6.5,14,10.52,24,12.3,1
6.5,14,10.52,24,12.3,0
6.5,14,10.52,24,12.3,0
6.5,14,10.52,24,12.3,0
6.5,14,10.52,24,12.3,0
6.5,14,10.52,24,12.3,0
6.5,14,10.52,24,12.3,0
6.5,14,10.52,24,12.3,0
6.5,14,10.52,24,12.3,0
6.5,14,10.52,24,12.3,0
6.5,14,10.52,24,12.3,0
6.5,14,10.52,24,12.3,0
6.5,14,10.52,24,12.3,0
6,13,10.52,24,12.3,2
6,13,10.52,24,12.3,2
6,13,10.52,24,12.3,2
6,13,10.52,24,12.3,2
6,13,10.52,24,12.3,2
6,13,10.52,24,12.3,2
6,13,10.52,24,12.3,2
6,13,10.52,24,12.3,2
6,13,10.52,24,12.3,2
6,13,10.52,24,12.3,2
6,13,10.52,24,12.3,2
6,13,10.52,24,12.3,2
6.5,14,10.52,24,12.3,1
65.5,14,10.52,24,12.3,1
6.5,14,10.52,24,12.3,1
6.7,14,10.52,24,12.3,1
6.7,14,10.52,24,12.3,1
6.7,14,10.52,24,12.3,1
6.5,14,10.52,24,12.3,1
6.5,14,10.52,24,12.3,1
6.5,14,10.52,24,12.3,1
6,14,10.52,24,12.3,1
6,14,10.52,24,12.3,1
6,14,10.52,24,12.3,1
6,14,10.52,24,12.3,1
6,14,10.52,24,12.3,1
6,14,10.52,24,12.3,1
6,14,10.52,24,12.3,0
6,14,10.52,24,12.3,0
6,14,10.52,24,12.3,0
6,14,10.52,24,12.3,0
6,14,10.52,24,12.3,0
6.3,14,10.52,24,12.3,0
6.3,14,10.52,24,12.3,0
6.3,14,10.52,24,12.3,0
6.3,14,10.52,24,12.3,0
6.3,14,10.52,24,12.3,0
6.5,14,10.52,24,12.3,2
6.5,14,10.52,24,12.3,2
6.5,14,10.52,24,12.3,2
6.5,14,10.52,24,12.3,2
6.5,14,10.52,24,12.3,2
6.5,14,10.52,24,12.3,2
6.5,14,10.52,24,12.3,2
6.5,14,10.52,24,12.3,2
6.5,14,10.52,24,12.3,2
6.5,14,10.52,24,12.3,2
6.5,14,10.52,24,12.3,2
6.5,14,10.52,24,12.3,2
6.5,14,10.52,24,12.3,2
6.5,14,10.52,24,12.3,2
6.5,14,10.52,24,12.3,2
6.5,14,10.52,24,12.3,2
6.5,14,10.52,24,12.3,2
6.5,14,10.52,24,12.3,2
6.5,14,10.52,24,12.3,2
5.8,14,11.06,25,12.92,1
5.8,14,11.06,25,12.92,1
5.8,14,11.06,25,12.92,1
5.8,14,11.06,25,12.92,1
5.8,14,11.06,25,12.92,1
5.8,14,11.06,25,12.92,1
5.8,14,11.06,25,12.92,1
5.8,14,11.06,25,12.92,1
5.8,14,11.06,25,12.92,1
5.8,14,11.06,25,12.92,1
5.8,14,11.06,25,12.92,1
5.5,14,11.06,25,12.92,1
5.5,14,11.06,25,12.92,1
5.5,14,11.06,25,12.92,1
5.5,14,11.06,25,12.92,1
5.3,14,11.06,25,12.92,0
5.3,14,11.06,25,12.92,0
5.3,14,11.06,25,12.92,0
5.3,14,11.06,25,12.92,0
5,14,11.06,25,12.92,0
5,14,11.06,25,12.92,0
5,14,11.06,25,12.92,0
5,14,11.06,25,12.92,0
5,14,11.06,25,12.92,0
5,14,11.06,25,12.92,0
5,14,11.06,25,12.92,0
5.4,15,11.06,25,12.92,2
5.4,15,11.06,25,12.92,2
5.4,15,11.06,25,12.92,2
5.4,15,11.06,25,12.92,2
5.4,15,11.06,25,12.92,2
5.4,15,11.06,25,12.92,2
5.4,15,11.06,25,12.92,2
5.4,15,11.06,25,12.92,2
5.4,15,11.06,25,12.92,2
5.4,15,11.06,25,12.92,2
5.4,15,11.06,25,12.92,2
5,15,11.06,25,12.92,2
5,15,11.06,25,12.92,2
5,15,11.06,25,12.92,2
5,15,11.06,25,12.92,1
5,15,11.06,25,12.92,1
5,15,11.06,25,12.92,1
5,15,11.06,25,12.92,1
5,15,11.06,25,12.92,1
5,15,11.06,25,12.92,1
5,15,11.06,25,12.92,1
5,15,11.06,25,12.92,1
5,15,11.06,25,12.92,1
5,15,11.06,25,12.92,1
5,15,11.06,25,12.92,1
5,15,11.06,25,12.92,1
5,15,11.06,25,12.92,1
5,15,11.06,25,12.92,1
5,15,11.06,25,12.92,0
5.2,15,11.06,25,12.92,0
5.2,15,11.06,25,12.92,0
5.2,15,11.06,25,12.92,0
5.2,15,11.06,25,12.92,0
5.2,15,11.06,25,12.92,0
5.2,15,11.06,25,12.92,0
5.2,15,11.06,25,12.92,0
5.2,15,11.06,25,12.92,0
5.2,15,11.06,25,12.92,0
5.2,15,11.06,25,12.92,0
5.4,15,11.06,25,12.92,2
5.4,15,11.06,25,12.92,2
5.4,15,11.06,25,12.92,2
5.4,15,11.06,25,12.92,2
5.4,15,11.06,25,12.92,2
5.4,15,11.06,25,12.92,2
5.4,15,11.06,25,12.92,2
5.4,15,11.06,25,12.92,2
5.4,15,11.06,25,12.92,2
5.4,15,11.06,25,12.92,2
5.4,15,11.06,25,12.92,2
5.4,15,11.06,25,12.92,2
5.4,15,11.06,25,12.92,2
5.4,15,11.06,25,12.92,2
5.4,15,11.06,25,12.92,2
5.4,15,11.06,25,12.92,2
5.4,15,11.06,25,12.92,2
5.4,15,11.06,25,12.92,2
5.4,15,11.06,25,12.92,2
5.4,15,11.06,25,12.92,2
5.4,15,11.06,25,12.92,2
5.4,15,11.06,25,12.92,2
5.4,15,11.06,25,12.92,2
5.4,15,11.06,25,12.92,2
5.4,15,11.06,25,12.92,2
5.4,15,11.06,25,12.92,2
5.4,15,11.06,25,12.92,2
5.4,15,11.06,25,12.92,2
5.4,15,11.06,25,12.92,2
3.7,15,10.58,26,12.54,1
3.7,15,10.58,26,12.54,1
4.1,15,10.58,26,12.54,1
4.1,15,10.58,26,12.54,1
4.1,15,10.58,26,12.54,1
5,15,10.58,26,12.54,1
5,15,10.58,26,12.54,1
5.5,15,10.58,26,12.54,1
5.5,15,10.58,26,12.54,1
5.5,15,10.58,26,12.54,1
5.5,15,10.58,26,12.54,1
5.5,15,10.58,26,12.54,1
5.3,15,10.58,26,12.54,1
5.3,15,10.58,26,12.54,0
5.3,15,10.58,26,12.54,0
5.3,15,10.58,26,12.54,0
5.3,15,10.58,26,12.54,0
5.3,15,10.58,26,12.54,0
5.3,15,10.58,26,12.54,0
5.3,15,10.58,26,12.54,0
5.3,15,10.58,26,12.54,0
5.5,16,11.22,26,12.87,0
5.5,16,11.22,26,12.87,0
5.5,16,11.22,26,12.87,0
5.5,16,11.22,26,12.87,1
5.5,16,11.22,26,12.87,1
5.5,16,11.22,26,12.87,1
5.5,16,11.22,26,12.87,1
5.5,16,11.22,26,12.87,1
5.5,16,11.22,26,12.87,1
5.5,16,11.22,26,12.87,1
5.5,16,11.22,26,12.87,1
5.5,16,11.22,26,12.87,1
5.5,16,11.22,26,12.87,1
5.5,16,11.22,26,12.87,1
5.5,16,11.22,26,12.87,0
5.5,16,11.22,26,12.87,0
5.5,16,11.22,26,12.87,0
5.5,16,11.22,26,12.87,0
5.5,16,11.22,26,12.87,0
5.5,16,11.22,26,12.87,0
5.5,16,11.22,26,12.87,0
5.5,16,11.22,26,12.87,0
5.5,16,11.22,26,12.87,0
5.5,16,11.22,26,12.87,0
5.5,16,11.22,26,12.87,0
5.5,16,11.22,26,12.87,0
5.5,16,11.22,26,12.87,0
3.5,14,11.22,26,12.87,2
3.5,14,11.22,26,12.87,2
3.5,14,11.22,26,12.87,2
3.5,14,11.22,26,12.87,2
3.9,14,11.22,26,12.87,2
3.9,14,11.22,26,12.87,2
3.9,14,11.22,26,12.87,2
3.9,14,11.22,26,12.87,2
3.5,14,11.22,26,12.87,2
3.5,14,11.22,26,12.87,2
4,14,11.22,26,12.87,2
4,14,11.22,26,12.87,2
4,14,11.22,26,12.87,2
4,14,11.22,26,12.87,2
4,14,11.22,26,12.87,2
4,14,11.22,26,12.87,2
4,14,11.22,26,12.87,2
4,14,11.22,26,12.87,2
4,14,11.22,26,12.87,2
4,14,11.22,26,12.87,2
4,14,11.22,26,12.87,2
4,14,11.22,26,12.87,2
4,14,11.22,26,12.87,2
4,14,11.22,26,12.87,2
4,14,11.22,26,12.87,2
4,14,11.22,26,12.87,1
4,14,11.22,26,12.87,1
4,14,11.22,26,12.87,1
4,14,11.22,26,12.87,1
4,14,11.22,26,12.87,1
4,14,11.22,26,12.87,1
4,14,11.22,26,12.87,1
4,14,11.22,26,12.87,1
4,14,11.22,26,12.87,1
4,14,11.22,26,12.87,1
4,14,11.22,26,12.87,1
4,14,11.22,26,12.87,1
4,14,11.22,26,12.87,1
4,14,11.22,26,12.87,0
4,14,11.22,26,12.87,0
4,14,11.22,26,12.87,0
4,14,11.22,26,12.87,0
4,14,11.22,26,12.87,0
4,14,11.22,26,12.87,0
4,14,11.22,26,12.87,0
4,14,11.22,26,12.87,0
4,14,11.22,26,12.87,0
4,14,11.22,26,12.87,0
4,14,11.22,26,12.87,0
4,14,11.22,26,12.87,0
4,14,11.22,26,12.87,0
5.5,14,11.22,26,12.87,2
5.5,14,11.22,26,12.87,2
5.5,14,11.22,26,12.87,2
5.3,14,11.22,26,12.87,2
5.3,14,11.22,26,12.87,2
5.3,14,11.22,26,12.87,2
5.3,14,11.22,26,12.87,2
5.5,14,11.22,26,12.87,2
5.5,14,11.22,26,12.87,2
5.5,14,11.22,26,12.87,2
5.8,14,11.22,26,12.87,2
5.8,14,11.22,26,12.87,2
5.8,14,11.22,26,12.87,2
6,14,11.22,26,12.87,2
6,14,11.22,26,12.87,2
6,14,11.22,26,12.87,2
6,14,11.22,26,12.87,2
6,14,11.22,26,12.87,2
6,14,11.22,26,12.87,2
5.5,13,10.72,26,12.35,1
5.5,13,10.72,26,12.35,1
5.5,13,10.72,26,12.35,1
5.5,13,10.72,26,12.35,1
5.8,13,10.72,26,12.35,1
5.8,13,10.72,26,12.35,1
5.8,13,10.72,26,12.35,1
5.8,13,10.72,26,12.35,1
5.8,13,10.72,26,12.35,1
5.8,13,10.72,26,12.35,1
6,13,10.72,26,12.35,0
6,13,10.72,26,12.35,0
6,13,10.72,26,12.35,0
6.5,13,10.72,26,12.35,0
6.5,13,10.72,26,12.35,0
6.5,13,10.72,26,12.35,0
6.5,13,10.72,26,12.35,0
7,13,10.72,26,12.35,0
7,13,10.72,26,12.35,0
6.7,13,10.72,26,12.35,0
6.7,13,10.72,26,12.35,0
6.7,13,10.72,26,12.35,0
6.7,13,10.72,26,12.35,0
6,13,10.72,26,12.35,2
6,13,10.72,26,12.35,2
6,13,10.72,26,12.35,2
6,13,10.72,26,12.35,2
6,13,10.72,26,12.35,2
6,13,10.72,26,12.35,2
6,13,10.72,26,12.35,2
6,13,10.72,26,12.35,2
6,13,10.72,26,12.35,2
5.8,13,10.72,26,12.35,2
5.8,13,10.72,26,12.35,2
5.8,13,10.72,26,12.35,2
5.8,13,10.72,26,12.35,2
5.9,13,10.72,26,12.35,2
5.9,13,10.72,26,12.35,2
5.9,13,10.72,26,12.35,2
5.9,13,10.72,26,12.35,2
5.9,13,10.72,26,12.35,2
6.3,13,10.72,26,12.35,2
6.3,13,10.72,26,12.35,2
6.3,13,10.72,26,12.35,2
6.3,13,10.72,26,12.35,2
6.3,15,10.72,26,12.35,1
6.3,15,10.72,26,12.35,1
6.3,15,10.72,26,12.35,1
6.6,15,10.72,26,12.35,1
6.6,15,10.72,26,12.35,1
6.6,15,10.72,26,12.35,1
6.6,15,10.72,26,12.35,1
6.2,15,10.72,26,12.35,1
6.2,15,10.72,26,12.35,1
6.2,15,10.72,26,12.35,1
6.2,15,10.72,26,12.35,1
6.2,15,10.72,26,12.35,0
6,15,10.72,26,12.35,0
6,15,10.72,26,12.35,0
6,15,10.72,26,12.35,0
6,15,10.72,26,12.35,0
6,15,10.72,26,12.35,0
6,15,10.72,26,12.35,0
6,15,10.72,26,12.35,0
6,15,10.72,26,12.35,0
6,15,10.72,26,12.35,0
6,15,10.72,26,12.35,0
6,15,10.72,26,12.35,0
6,15,10.72,26,12.35,0
6.3,15,10.72,26,12.35,2
6.3,15,10.72,26,12.35,2
6.3,15,10.72,26,12.35,2
6.3,15,10.72,26,12.35,2
6.3,15,10.72,26,12.35,2
6.3,15,10.72,26,12.35,2
6.3,15,10.72,26,12.35,2
6.3,15,10.72,26,12.35,2
6.3,15,10.72,26,12.35,2
6.3,15,10.72,26,12.35,2
6.3,15,10.72,26,12.35,2
6.3,15,10.72,26,12.35,2
6.2,15,10.72,26,12.35,2
6.2,15,10.72,26,12.35,2
6.2,15,10.72,26,12.35,2
6.2,15,10.72,26,12.35,2
6.2,15,10.72,26,12.35,2
6.2,15,10.72,26,12.35,2
6.2,15,10.72,26,12.35,2
6.2,15,10.72,26,12.35,2
6.2,15,10.72,26,12.35,2
6.2,14,10.72,26,12.35,1
6.2,14,10.72,26,12.35,1
6.2,14,10.72,26,12.35,1
6.2,14,10.72,26,12.35,1
6.2,14,10.72,26,12.35,1
6.2,14,10.72,26,12.35,1
6.2,14,10.72,26,12.35,1
6.2,14,10.72,26,12.35,1
6.2,14,10.72,26,12.35,1
6.2,14,10.72,26,12.35,1
6.2,14,10.72,26,12.35,1
6.2,14,10.72,26,12.35,1
6.2,14,10.72,26,12.35,1
6.2,14,10.72,26,12.35,1
6.2,14,10.72,26,12.35,0
6.2,14,10.72,26,12.35,0
6.2,14,10.72,26,12.35,0
6.2,14,10.72,26,12.35,0
6.2,14,10.72,26,12.35,0
6.2,14,10.72,26,12.35,0
6.2,14,10.72,26,12.35,0
6.2,14,10.72,26,12.35,0
6.2,14,10.72,26,12.35,0
6.2,14,10.72,26,12.35,0
6.5,15,10.72,26,12.35,2
6.5,15,10.72,26,12.35,2
6.5,15,10.72,26,12.35,2
6.5,15,10.72,26,12.35,2
6.5,15,10.72,26,12.35,2
6.2,15,11.08,26,12.89,1
6.2,15,11.08,26,12.89,1
6.2,15,11.08,26,12.89,1
6.2,15,11.08,26,12.89,1
6.2,15,11.08,26,12.89,1
6.2,15,11.08,26,12.89,1
6.2,15,11.08,26,12.89,1
6.2,15,11.08,26,12.89,1
6.2,15,11.08,26,12.89,1
6.5,15,11.08,26,12.89,1
6.5,15,11.08,26,12.89,1
6.5,15,11.08,26,12.89,1
6.5,15,11.08,26,12.89,1
6.5,15,11.08,26,12.89,1
6.5,15,11.08,26,12.89,0
6.5,15,11.08,26,12.89,0
6.5,15,11.08,26,12.89,0
6.5,15,11.08,26,12.89,0
6.5,15,11.08,26,12.89,0
6.5,15,11.08,26,12.89,0
6.5,15,11.08,26,12.89,0
6.5,15,11.08,26,12.89,0
6.5,15,11.08,26,12.89,0
6.5,15,11.08,26,12.89,0
6.5,15,11.08,26,12.89,0
6.2,14,11.08,26,12.89,2
6.2,14,11.08,26,12.89,2
6.2,14,11.08,26,12.89,2
6.2,14,11.08,26,12.89,2
6.2,14,11.08,26,12.89,2
6.2,14,11.08,26,12.89,2
6.2,14,11.08,26,12.89,2
6.2,14,11.08,26,12.89,2
6.2,14,11.08,26,12.89,2
6.2,14,11.08,26,12.89,2
6.2,14,11.08,26,12.89,2
6.2,14,11.08,26,12.89,2
6.2,14,11.08,26,12.89,2
6.2,14,11.08,26,12.89,2
6.2,14,11.08,26,12.89,2
6.2,14,11.08,26,12.89,2
6.2,14,11.08,26,12.89,2
6.2,14,11.08,26,12.89,2
6.2,14,11.08,26,12.89,2
6.2,14,11.08,26,12.89,2
6.2,14,11.08,26,12.89,2
6.2,14,11.08,26,12.89,2
6.2,14,11.08,26,12.89,2
6,15,11.08,26,12.89,1
6,15,11.08,26,12.89,1
6,15,11.08,26,12.89,1
6,15,11.08,26,12.89,1
6,15,11.08,26,12.89,1
6,15,11.08,26,12.89,1
6,15,11.08,26,12.89,1
6,15,11.08,26,12.89,1
6,15,11.08,26,12.89,1
6,15,11.08,26,12.89,1
6,15,11.08,26,12.89,1
6,15,11.08,26,12.89,1
6,15,11.08,26,12.89,1
6,15,11.08,26,12.89,1
6,15,11.08,26,12.89,0
6,15,11.08,26,12.89,0
6,15,11.08,26,12.89,0
6,15,11.08,26,12.89,0
6,15,11.08,26,12.89,0
6,15,11.08,26,12.89,0
6,15,11.08,26,12.89,0
6,15,11.08,26,12.89,0
6,15,11.08,26,12.89,0
6,15,11.08,26,12.89,0
6,15,11.08,26,12.89,0
6,15,11.08,26,12.89,0
6,15,11.08,26,12.89,0
6,15,11.08,26,12.89,0
6,15,11.08,26,12.89,0
6.2,15,11.08,26,12.89,2
6.2,15,11.08,26,12.89,2
6.2,15,11.08,26,12.89,2
6.2,15,11.08,26,12.89,2
6.2,15,11.08,26,12.89,2
6.2,15,11.08,26,12.89,2
6.2,15,11.08,26,12.89,2
6.2,15,11.08,26,12.89,2
7,15,11.08,26,12.89,2
7,15,11.08,26,12.89,2
7,15,11.08,26,12.89,2
7,15,11.08,26,12.89,2
7,15,11.08,26,12.89,2
7,15,11.08,26,12.89,2
7,15,11.08,26,12.89,2
7,15,11.08,26,12.89,2
7,15,11.08,26,12.89,2
7,15,11.08,26,12.89,2
7,15,11.08,26,12.89,2
7,15,11.08,26,12.89,2
7,15,11.08,26,12.89,2
7,15,11.08,26,12.89,2
7.2,15,11.08,26,12.89,1
7.2,15,11.08,26,12.89,1
7.2,15,11.08,26,12.89,1
7.2,15,11.08,26,12.89,1
7.2,15,11.08,26,12.89,1
7.2,15,11.08,26,12.89,1
7,15.2,11.08,26,12.89,1
7,15.2,11.08,26,12.89,1
7.2,15.2,11.08,26,12.89,1
7.2,15.2,11.08,26,12.89,1
7.2,15.2,11.08,26,12.89,1
7.2,15.2,11.08,26,12.89,1
7.2,15.2,11.08,26,12.89,1
7.2,15.2,11.08,26,12.89,0
7.4,15.2,11.08,26,12.89,0
7.4,15.2,11.08,26,12.89,0
7.4,15.2,11.08,26,12.89,0
7.4,15.2,11.08,26,12.89,0
7.4,15.2,11.08,26,12.89,0
7.4,15.2,11.08,26,12.89,0
7.4,15.2,11.08,26,12.89,0
7.4,15.2,11.08,26,12.89,0
7.4,15.2,11.08,26,12.89,0
7.4,15.2,11.08,26,12.89,0
7.4,15.2,11.08,26,12.89,0
7.4,15.2,11.08,26,12.89,0
7.4,15.2,11.08,26,12.89,0
7.7,15,11.08,26,12.89,2
7.7,15,11.08,26,12.89,2
7.7,15,11.08,26,12.89,2
7.7,15,11.08,26,12.89,2
7.7,15,11.08,26,12.89,2
7.7,15,11.08,26,12.89,2
7.7,15,11.08,26,12.89,2
7.7,15,11.08,26,12.89,2
7.7,15,11.08,26,12.89,2
7.7,15,11.08,26,12.89,2
7.7,15,11.08,26,12.89,2
7.7,15,11.08,26,12.89,2
7.7,15,11.08,26,12.89,2
7.7,15,11.08,26,12.89,2
7.7,15,11.08,26,12.89,2
7.7,15,11.08,26,12.89,2
7.7,15,11.08,26,12.89,2
7.7,15,11.08,26,12.89,2
7.7,15,11.08,26,12.89,2
7.7,15,11.08,26,12.89,2
7.7,15,11.08,26,12.89,2
7.7,15,11.08,26,12.89,2
7.7,15,11.08,26,12.89,2
8,15,10.79,25,12.54,1
8,15,10.79,25,12.54,1
8,15,10.79,25,12.54,1
8,15,10.79,25,12.54,1
8,15,10.79,25,12.54,1
8,15,10.79,25,12.54,1
8,15,10.79,25,12.54,1
8,15,10.79,25,12.54,1
8,15,10.79,25,12.54,1
8,15,10.79,25,12.54,1
7.8,15,10.79,25,12.54,1
7.8,15,10.79,25,12.54,1
7.8,15,10.79,25,12.54,1
7.8,15,10.79,25,12.54,0
7.8,15,10.79,25,12.54,0
7.8,15,10.79,25,12.54,0
7.8,15,10.79,25,12.54,0
7.5,15,10.79,25,12.54,0
7.5,15,10.79,25,12.54,0
7.3,15,10.79,25,12.54,0
7.3,15,10.79,25,12.54,0
6.5,15,10.79,25,12.54,0
6.5,15,10.79,25,12.54,0
6.5,15,10.79,25,12.54,0
6.5,15,10.79,25,12.54,0
7,16,10.79,25,12.54,2
7,16,10.79,25,12.54,2
7,16,10.79,25,12.54,2
7,16,10.79,25,12.54,2
7.3,16,10.79,25,12.54,2
7.3,16,10.79,25,12.54,2
7.3,16,10.79,25,12.54,2
7.3,16,10.79,25,12.54,2
7,16,10.79,25,12.54,2
7,16,10.79,25,12.54,2
7,16,10.79,25,12.54,2
8,16,10.79,25,12.54,2
8,16,10.79,25,12.54,2
8,16,10.79,25,12.54,2
8.2,16,10.79,25,12.54,2
8.2,16,10.79,25,12.54,2
8.2,16,10.79,25,12.54,2
8.4,16,10.79,25,12.54,2
8.4,16,10.79,25,12.54,2
8.4,16,10.79,25,12.54,2
8.4,16,10.79,25,12.54,2
8.4,16,10.79,25,12.54,2
8.4,15,10.79,25,12.54,1
8.4,15,10.79,25,12.54,1
8.4,15,10.79,25,12.54,1
8.1,15,10.79,25,12.54,1
8.1,15,10.79,25,12.54,1
7.6,15,10.79,25,12.54,1
7.6,15,10.79,25,12.54,1
7.6,15,10.79,25,12.54,1
7.6,15,10.79,25,12.54,1
7.6,15,10.79,25,12.54,1
7.6,15,10.79,25,12.54,1
7.6,15,10.79,25,12.54,1
7.6,15,10.79,25,12.54,1
7.6,15,10.79,25,12.54,1
7.6,15,10.79,25,12.54,0
7.6,15,10.79,25,12.54,0
7.6,15,10.79,25,12.54,0
7.6,15,10.79,25,12.54,0
7.6,15,10.79,25,12.54,0
7.6,15,10.79,25,12.54,0
7.3,15,10.79,25,12.54,0
7.3,15,10.79,25,12.54,0
7.3,15,10.79,25,12.54,0
7.3,15,10.79,25,12.54,0
7,15,10.79,25,12.54,2
7,15,10.79,25,12.54,2
7,15,10.79,25,12.54,2
7,15,10.79,25,12.54,2
7,15,10.79,25,12.54,2
7,15,10.79,25,12.54,2
7,15,10.79,25,12.54,2
7,15,10.79,25,12.54,2
7,15,10.79,25,12.54,2
7,15,10.79,25,12.54,2
7,15,10.79,25,12.54,2
7,15,10.79,25,12.54,2
7,15,10.79,25,12.54,2
7,15,10.79,25,12.54,2
7,15,10.79,25,12.54,2
7,15,10.79,25,12.54,2
7,15,10.79,25,12.54,2
7,15,10.79,25,12.54,2
7,15,10.79,25,12.54,2
7,15,10.79,25,12.54,2
7,15,10.79,25,12.54,2
7,15,10.79,25,12.54,2
7,15,10.79,25,12.54,2
7,15,10.79,25,12.54,2
7,15,10.79,25,12.54,2
0,0,0,0,8.423670647,-29.85028817
